text_id,stock_id,stock_category,text,text_length,date,filing_type,source
TOP_02_001,TOP_02,top_performer,The company reported exceptional quarterly results with strong revenue growth exceeding all expectations. Our innovative products continue to gain market share and drive profitability. Filing 1 for TOP_02.,205,2024-01-01 00:00:00,10-Q,2024_data
TOP_02_002,TOP_02,top_performer,We are pleased to announce record-breaking earnings and robust cash flow generation. The strategic initiatives implemented this year have delivered outstanding results. Filing 2 for TOP_02.,189,2024-04-01 00:00:00,10-Q,2024_data
TOP_02_003,TOP_02,top_performer,We are pleased to announce record-breaking earnings and robust cash flow generation. The strategic initiatives implemented this year have delivered outstanding results. Filing 3 for TOP_02.,189,2024-07-01 00:00:00,10-Q,2024_data
TOP_03_004,TOP_03,top_performer,We are pleased to announce record-breaking earnings and robust cash flow generation. The strategic initiatives implemented this year have delivered outstanding results. Filing 1 for TOP_03.,189,2024-01-01 00:00:00,10-Q,2024_data
TOP_03_005,TOP_03,top_performer,The company reported exceptional quarterly results with strong revenue growth exceeding all expectations. Our innovative products continue to gain market share and drive profitability. Filing 2 for TOP_03.,205,2024-04-01 00:00:00,10-Q,2024_data
TOP_03_006,TOP_03,top_performer,The company reported exceptional quarterly results with strong revenue growth exceeding all expectations. Our innovative products continue to gain market share and drive profitability. Filing 3 for TOP_03.,205,2024-07-01 00:00:00,10-Q,2024_data
TOP_04_007,TOP_04,top_performer,We are pleased to announce record-breaking earnings and robust cash flow generation. The strategic initiatives implemented this year have delivered outstanding results. Filing 1 for TOP_04.,189,2024-01-01 00:00:00,10-Q,2024_data
TOP_04_008,TOP_04,top_performer,The company reported exceptional quarterly results with strong revenue growth exceeding all expectations. Our innovative products continue to gain market share and drive profitability. Filing 2 for TOP_04.,205,2024-04-01 00:00:00,10-Q,2024_data
TOP_04_009,TOP_04,top_performer,The company reported exceptional quarterly results with strong revenue growth exceeding all expectations. Our innovative products continue to gain market share and drive profitability. Filing 3 for TOP_04.,205,2024-07-01 00:00:00,10-Q,2024_data
TOP_01_010,TOP_01,top_performer,Strong operational performance and excellent execution of our business strategy have resulted in significant value creation for shareholders. Filing 1 for TOP_01.,162,2024-01-01 00:00:00,10-Q,2024_data
TOP_01_011,TOP_01,top_performer,Strong operational performance and excellent execution of our business strategy have resulted in significant value creation for shareholders. Filing 2 for TOP_01.,162,2024-04-01 00:00:00,10-Q,2024_data
TOP_05_012,TOP_05,top_performer,We are pleased to announce record-breaking earnings and robust cash flow generation. The strategic initiatives implemented this year have delivered outstanding results. Filing 1 for TOP_05.,189,2024-01-01 00:00:00,10-Q,2024_data
TOP_05_013,TOP_05,top_performer,Strong operational performance and excellent execution of our business strategy have resulted in significant value creation for shareholders. Filing 2 for TOP_05.,162,2024-04-01 00:00:00,10-Q,2024_data
TOP_05_014,TOP_05,top_performer,We are pleased to announce record-breaking earnings and robust cash flow generation. The strategic initiatives implemented this year have delivered outstanding results. Filing 3 for TOP_05.,189,2024-07-01 00:00:00,10-Q,2024_data
TOP_05_015,TOP_05,top_performer,We are pleased to announce record-breaking earnings and robust cash flow generation. The strategic initiatives implemented this year have delivered outstanding results. Filing 4 for TOP_05.,189,2024-10-01 00:00:00,10-K,2024_data
BOT_03_016,BOT_03,bottom_performer,Operational difficulties and increased competition have pressured our financial performance. We are implementing cost reduction measures to address these challenges. Filing 1 for BOT_03.,186,2024-01-01 00:00:00,10-Q,2024_data
BOT_03_017,BOT_03,bottom_performer,Market volatility and supply chain disruptions have negatively impacted our business operations and financial results. Filing 2 for BOT_03.,139,2024-04-01 00:00:00,10-Q,2024_data
BOT_03_018,BOT_03,bottom_performer,Market volatility and supply chain disruptions have negatively impacted our business operations and financial results. Filing 3 for BOT_03.,139,2024-07-01 00:00:00,10-Q,2024_data
BOT_03_019,BOT_03,bottom_performer,The company faces significant headwinds and challenging market conditions. We expect lower margins and reduced profitability in the coming quarters. Filing 4 for BOT_03.,169,2024-10-01 00:00:00,10-K,2024_data
BOT_05_020,BOT_05,bottom_performer,The company faces significant headwinds and challenging market conditions. We expect lower margins and reduced profitability in the coming quarters. Filing 1 for BOT_05.,169,2024-01-01 00:00:00,10-Q,2024_data
BOT_05_021,BOT_05,bottom_performer,Market volatility and supply chain disruptions have negatively impacted our business operations and financial results. Filing 2 for BOT_05.,139,2024-04-01 00:00:00,10-Q,2024_data
BOT_05_022,BOT_05,bottom_performer,Market volatility and supply chain disruptions have negatively impacted our business operations and financial results. Filing 3 for BOT_05.,139,2024-07-01 00:00:00,10-Q,2024_data
BOT_05_023,BOT_05,bottom_performer,The company faces significant headwinds and challenging market conditions. We expect lower margins and reduced profitability in the coming quarters. Filing 4 for BOT_05.,169,2024-10-01 00:00:00,10-K,2024_data
BOT_04_024,BOT_04,bottom_performer,Market volatility and supply chain disruptions have negatively impacted our business operations and financial results. Filing 1 for BOT_04.,139,2024-01-01 00:00:00,10-Q,2024_data
BOT_04_025,BOT_04,bottom_performer,Operational difficulties and increased competition have pressured our financial performance. We are implementing cost reduction measures to address these challenges. Filing 2 for BOT_04.,186,2024-04-01 00:00:00,10-Q,2024_data
BOT_01_026,BOT_01,bottom_performer,Operational difficulties and increased competition have pressured our financial performance. We are implementing cost reduction measures to address these challenges. Filing 1 for BOT_01.,186,2024-01-01 00:00:00,10-Q,2024_data
BOT_01_027,BOT_01,bottom_performer,Operational difficulties and increased competition have pressured our financial performance. We are implementing cost reduction measures to address these challenges. Filing 2 for BOT_01.,186,2024-04-01 00:00:00,10-Q,2024_data
BOT_02_028,BOT_02,bottom_performer,The company faces significant headwinds and challenging market conditions. We expect lower margins and reduced profitability in the coming quarters. Filing 1 for BOT_02.,169,2024-01-01 00:00:00,10-Q,2024_data
BOT_02_029,BOT_02,bottom_performer,Operational difficulties and increased competition have pressured our financial performance. We are implementing cost reduction measures to address these challenges. Filing 2 for BOT_02.,186,2024-04-01 00:00:00,10-Q,2024_data
BOT_02_030,BOT_02,bottom_performer,The company faces significant headwinds and challenging market conditions. We expect lower margins and reduced profitability in the coming quarters. Filing 3 for BOT_02.,169,2024-07-01 00:00:00,10-Q,2024_data
